[{"Pressed": "'a'"}, {"Held": "'a'"}, {"Released": "'a'"}, {"Pressed": "'j'"}, {"Held": "'j'"}, {"Released": "'j'"}, {"Pressed": "'a'"}, {"Held": "'a'"}, {"Released": "'a'"}, {"Pressed": "'y'"}, {"Held": "'y'"}, {"Released": "'y'"}, {"Pressed": "Key.space"}, {"Held": "Key.space"}, {"Released": "Key.space"}, {"Pressed": "'k'"}, {"Held": "'k'"}, {"Released": "'k'"}, {"Pressed": "'u'"}, {"Held": "'u'"}, {"Released": "'u'"}, {"Pressed": "'m'"}, {"Held": "'m'"}, {"Released": "'m'"}, {"Pressed": "'a'"}, {"Held": "'a'"}, {"Released": "'a'"}, {"Pressed": "'r'"}, {"Held": "'r'"}, {"Released": "'r'"}]